post_id,user,matrix_link
42367,chadams,https://matrix.to/#/@chadams:ansible.im
42367,samccann,https://matrix.to/#/@samccann:ansible.im
42367,gomathiselvi,https://matrix.to/#/@gomathiselvi:ansible.im
42367,Oranod,https://matrix.to/#/@orandon:ansible.im
42032,samccann,https://matrix.to/#/@samccann:ansible.im
42032,Oranod,https://matrix.to/#/@orandon:ansible.im
41853,Oranod,https://matrix.to/#/@orandon:ansible.im
41578,samccann,https://matrix.to/#/@samccann:ansible.im
41578,abuzachis,https://matrix.to/#/@aevelina:ansible.im
41578,samccann,https://matrix.to/#/@samccann:ansible.im
41401,samccann,https://matrix.to/#/@samccann:ansible.im
41287,samccann,https://matrix.to/#/@samccann:ansible.im
41093,gundalow,https://matrix.to/#/@gundalow:ansible.im
40947,Oranod,https://matrix.to/#/@orandon:ansible.im
40947,abuzachis,https://matrix.to/#/@aevelina:ansible.im
40947,abuzachis,https://matrix.to/#/@aevelina:ansible.im
40947,nitzmahone,https://matrix.to/#/@nitzmahone:ansible.im
40947,gundalow,https://matrix.to/#/@gundalow:ansible.im
40751,Oranod,https://matrix.to/#/@orandon:ansible.im
40751,Oranod,https://matrix.to/#/@orandon:ansible.im
40592,Oranod,https://matrix.to/#/@orandon:ansible.im
40592,samccann,https://matrix.to/#/@samccann:ansible.im
40277,gundalow,https://matrix.to/#/@gundalow:ansible.im
40277,Oranod,https://matrix.to/#/@orandon:ansible.im
40277,gundalow,https://matrix.to/#/@gundalow:ansible.im
40277,samccann,https://matrix.to/#/@samccann:ansible.im
40122,samccann,https://matrix.to/#/@samccann:ansible.im
40122,gomathiselvi,https://matrix.to/#/@gomathiselvi:ansible.im
40122,samccann,https://matrix.to/#/@samccann:ansible.im
39947,gundalow,https://matrix.to/#/@gundalow:ansible.im
39947,samccann,https://matrix.to/#/@samccann:ansible.im
39947,Oranod,https://matrix.to/#/@orandon:ansible.im
39947,Oranod,https://matrix.to/#/@orandon:ansible.im
39947,gundalow,https://matrix.to/#/@gundalow:ansible.im
39947,Oranod,https://matrix.to/#/@orandon:ansible.im
39813,samccann,https://matrix.to/#/@samccann:ansible.im
39813,Oranod,https://matrix.to/#/@orandon:ansible.im
39813,Oranod,https://matrix.to/#/@orandon:ansible.im
39813,Oranod,https://matrix.to/#/@orandon:ansible.im
39677,samccann,https://matrix.to/#/@samccann:ansible.im
39677,Oranod,https://matrix.to/#/@orandon:ansible.im
39677,Oranod,https://matrix.to/#/@orandon:ansible.im
39677,Oranod,https://matrix.to/#/@orandon:ansible.im
39548,samccann,https://matrix.to/#/@samccann:ansible.im
39271,Oranod,https://matrix.to/#/@orandon:ansible.im
39271,samccann,https://matrix.to/#/@samccann:ansible.im
39271,Oranod,https://matrix.to/#/@orandon:ansible.im
39271,Oranod,https://matrix.to/#/@orandon:ansible.im
39145,samccann,https://matrix.to/#/@samccann:ansible.im
39145,samccann,https://matrix.to/#/@samccann:ansible.im
39145,Oranod,https://matrix.to/#/@orandon:ansible.im
39145,Oranod,https://matrix.to/#/@orandon:ansible.im
39145,Oranod,https://matrix.to/#/@orandon:ansible.im
38961,anwesha,https://matrix.to/#/@anwesha:ansible.im
38961,anwesha,https://matrix.to/#/@anwesha:ansible.im
38961,samccann,https://matrix.to/#/@samccann:ansible.im
38961,abuzachis,https://matrix.to/#/@aevelina:ansible.im
38961,Oranod,https://matrix.to/#/@orandon:ansible.im
38961,Oranod,https://matrix.to/#/@orandon:ansible.im
38961,Oranod,https://matrix.to/#/@orandon:ansible.im
11278,gundalow,https://matrix.to/#/@gundalow:ansible.im
11278,anwesha,https://matrix.to/#/@anwesha:ansible.im
11278,Oranod,https://matrix.to/#/@orandon:ansible.im
11071,samccann,https://matrix.to/#/@samccann:ansible.im
11071,samccann,https://matrix.to/#/@samccann:ansible.im
10939,samccann,https://matrix.to/#/@samccann:ansible.im
10939,Oranod,https://matrix.to/#/@orandon:ansible.im
10939,Oranod,https://matrix.to/#/@orandon:ansible.im
10830,Oranod,https://matrix.to/#/@orandon:ansible.im
10830,Oranod,https://matrix.to/#/@orandon:ansible.im
10637,Leo,https://matrix.to/#/@leo:ansible.im
10637,abuzachis,https://matrix.to/#/@aevelina:ansible.im
10637,abuzachis,https://matrix.to/#/@aevelina:ansible.im
10637,Oranod,https://matrix.to/#/@orandon:ansible.im
10637,Leo,https://matrix.to/#/@leo:ansible.im
10513,samccann,https://matrix.to/#/@samccann:ansible.im
10513,gundalow,https://matrix.to/#/@gundalow:ansible.im
10513,Oranod,https://matrix.to/#/@orandon:ansible.im
10513,Oranod,https://matrix.to/#/@orandon:ansible.im
10406,samccann,https://matrix.to/#/@samccann:ansible.im
10406,Oranod,https://matrix.to/#/@orandon:ansible.im
10406,Oranod,https://matrix.to/#/@orandon:ansible.im
8837,Leo,https://matrix.to/#/@leo:ansible.im
8837,Leo,https://matrix.to/#/@leo:ansible.im
8837,Leo,https://matrix.to/#/@leo:ansible.im
8837,Leo,https://matrix.to/#/@leo:ansible.im
8658,gundalow,https://matrix.to/#/@gundalow:ansible.im
8658,samccann,https://matrix.to/#/@samccann:ansible.im
8658,Leo,https://matrix.to/#/@leo:ansible.im
8658,Leo,https://matrix.to/#/@leo:ansible.im
8658,Oranod,https://matrix.to/#/@orandon:ansible.im
8658,Oranod,https://matrix.to/#/@orandon:ansible.im
8658,samccann,https://matrix.to/#/@samccann:ansible.im
8658,Oranod,https://matrix.to/#/@orandon:ansible.im
8496,anwesha,https://matrix.to/#/@anwesha:ansible.im
8496,samccann,https://matrix.to/#/@samccann:ansible.im
8298,Oranod,https://matrix.to/#/@orandon:ansible.im
8298,Oranod,https://matrix.to/#/@orandon:ansible.im
8298,abuzachis,https://matrix.to/#/@aevelina:ansible.im
8298,samccann,https://matrix.to/#/@samccann:ansible.im
8190,Oranod,https://matrix.to/#/@orandon:ansible.im
8190,gundalow,https://matrix.to/#/@gundalow:ansible.im
8101,gundalow,https://matrix.to/#/@gundalow:ansible.im
8101,gundalow,https://matrix.to/#/@gundalow:ansible.im
7771,Oranod,https://matrix.to/#/@orandon:ansible.im
7771,Oranod,https://matrix.to/#/@orandon:ansible.im
7771,Oranod,https://matrix.to/#/@orandon:ansible.im
7614,gundalow,https://matrix.to/#/@gundalow:ansible.im
7614,Oranod,https://matrix.to/#/@orandon:ansible.im
7359,anwesha,https://matrix.to/#/@anwesha:ansible.im
7281,gundalow,https://matrix.to/#/@gundalow:ansible.im
7281,Leo,https://matrix.to/#/@leo:ansible.im
7089,Leo,https://matrix.to/#/@leo:ansible.im
7089,abuzachis,https://matrix.to/#/@aevelina:ansible.im
7089,gundalow,https://matrix.to/#/@gundalow:ansible.im
7089,Leo,https://matrix.to/#/@leo:ansible.im
7089,Leo,https://matrix.to/#/@leo:ansible.im
6832,samccann,https://matrix.to/#/@samccann:ansible.im
6832,thedoubl3j,https://matrix.to/#/@thedoubl3j:ansible.im
6832,anwesha,https://matrix.to/#/@anwesha:ansible.im
6832,Oranod,https://matrix.to/#/@orandon:ansible.im
6832,gundalow,https://matrix.to/#/@gundalow:ansible.im
6832,gundalow,https://matrix.to/#/@gundalow:ansible.im
6528,Leo,https://matrix.to/#/@leo:ansible.im
6528,samccann,https://matrix.to/#/@samccann:ansible.im
6528,samccann,https://matrix.to/#/@samccann:ansible.im
6528,samccann,https://matrix.to/#/@samccann:ansible.im
6279,anwesha,https://matrix.to/#/@anwesha:ansible.im
6279,abuzachis,https://matrix.to/#/@aevelina:ansible.im
6279,Leo,https://matrix.to/#/@leo:ansible.im
6279,samccann,https://matrix.to/#/@samccann:ansible.im
6109,anwesha,https://matrix.to/#/@anwesha:ansible.im
6109,anwesha,https://matrix.to/#/@anwesha:ansible.im
6020,anwesha,https://matrix.to/#/@anwesha:ansible.im
6020,anwesha,https://matrix.to/#/@anwesha:ansible.im
6020,samccann,https://matrix.to/#/@samccann:ansible.im
5859,abuzachis,https://matrix.to/#/@aevelina:ansible.im
5859,samccann,https://matrix.to/#/@samccann:ansible.im
5859,samccann,https://matrix.to/#/@samccann:ansible.im
5730,abuzachis,https://matrix.to/#/@aevelina:ansible.im
5730,samccann,https://matrix.to/#/@samccann:ansible.im
5194,cybette,https://matrix.to/#/@cybette:ansible.im
4935,cybette,https://matrix.to/#/@cybette:ansible.im
4935,cybette,https://matrix.to/#/@cybette:ansible.im
4631,cybette,https://matrix.to/#/@cybette:ansible.im
4631,thedoubl3j,https://matrix.to/#/@thedoubl3j:ansible.im
4631,cybette,https://matrix.to/#/@cybette:ansible.im
4631,cybette,https://matrix.to/#/@cybette:ansible.im
4631,samccann,https://matrix.to/#/@samccann:ansible.im
4631,cybette,https://matrix.to/#/@cybette:ansible.im
4548,cybette,https://matrix.to/#/@cybette:ansible.im
4548,Oranod,https://matrix.to/#/@orandon:ansible.im
4548,samccann,https://matrix.to/#/@samccann:ansible.im
4402,cybette,https://matrix.to/#/@cybette:ansible.im
4402,chadams,https://matrix.to/#/@chadams:ansible.im
4402,gomathiselvi,https://matrix.to/#/@gomathiselvi:ansible.im
4402,Oranod,https://matrix.to/#/@orandon:ansible.im
4402,Oranod,https://matrix.to/#/@orandon:ansible.im
4402,samccann,https://matrix.to/#/@samccann:ansible.im
4402,cybette,https://matrix.to/#/@cybette:ansible.im
4256,cybette,https://matrix.to/#/@cybette:ansible.im
4256,Oranod,https://matrix.to/#/@orandon:ansible.im
4256,cybette,https://matrix.to/#/@cybette:ansible.im
4256,abuzachis,https://matrix.to/#/@aevelina:ansible.im
4256,cybette,https://matrix.to/#/@cybette:ansible.im
3959,cybette,https://matrix.to/#/@cybette:ansible.im
3959,thedoubl3j,https://matrix.to/#/@thedoubl3j:ansible.im
3959,abuzachis,https://matrix.to/#/@aevelina:ansible.im
3959,gomathiselvi,https://matrix.to/#/@gomathiselvi:ansible.im
3959,cybette,https://matrix.to/#/@cybette:ansible.im
3597,cybette,https://matrix.to/#/@cybette:ansible.im
3597,cybette,https://matrix.to/#/@cybette:ansible.im
3597,cybette,https://matrix.to/#/@cybette:ansible.im
3488,cybette,https://matrix.to/#/@cybette:ansible.im
3488,Gwmngilfen,https://matrix.to/#/@gwmngilfen:ansible.im
3488,Qalthos,https://matrix.to/#/@qalthos:ansible.im
3488,gomathiselvi,https://matrix.to/#/@gomathiselvi:ansible.im
3334,cybette,https://matrix.to/#/@cybette:ansible.im
3334,samccann,https://matrix.to/#/@samccann:ansible.im
3334,samccann,https://matrix.to/#/@samccann:ansible.im
3334,cybette,https://matrix.to/#/@cybette:ansible.im
3076,cybette,https://matrix.to/#/@cybette:ansible.im
3076,cybette,https://matrix.to/#/@cybette:ansible.im
2960,cybette,https://matrix.to/#/@cybette:ansible.im
2960,cybette,https://matrix.to/#/@cybette:ansible.im
2960,Oranod,https://matrix.to/#/@orandon:ansible.im
2960,Oranod,https://matrix.to/#/@orandon:ansible.im
2847,cybette,https://matrix.to/#/@cybette:ansible.im
2847,Oranod,https://matrix.to/#/@orandon:ansible.im
2847,samccann,https://matrix.to/#/@samccann:ansible.im
2847,anwesha,https://matrix.to/#/@anwesha:ansible.im
2847,anwesha,https://matrix.to/#/@anwesha:ansible.im
2847,cybette,https://matrix.to/#/@cybette:ansible.im
2847,thedoubl3j,https://matrix.to/#/@thedoubl3j:ansible.im
2847,anwesha,https://matrix.to/#/@anwesha:ansible.im
2847,anwesha,https://matrix.to/#/@anwesha:ansible.im
2847,abuzachis,https://matrix.to/#/@aevelina:ansible.im
2568,cybette,https://matrix.to/#/@cybette:ansible.im
2568,anwesha,https://matrix.to/#/@anwesha:ansible.im
2568,anwesha,https://matrix.to/#/@anwesha:ansible.im
2568,anwesha,https://matrix.to/#/@anwesha:ansible.im
2568,cybette,https://matrix.to/#/@cybette:ansible.im
2328,cybette,https://matrix.to/#/@cybette:ansible.im
2328,cybette,https://matrix.to/#/@cybette:ansible.im
2328,Oranod,https://matrix.to/#/@orandon:ansible.im
2328,Oranod,https://matrix.to/#/@orandon:ansible.im
2328,Gwmngilfen,https://matrix.to/#/@gwmngilfen:ansible.im
2328,samccann,https://matrix.to/#/@samccann:ansible.im
2328,cybette,https://matrix.to/#/@cybette:ansible.im
2328,Leo,https://matrix.to/#/@leo:ansible.im
2163,cybette,https://matrix.to/#/@cybette:ansible.im
2163,Gwmngilfen,https://matrix.to/#/@gwmngilfen:ansible.im
2163,Oranod,https://matrix.to/#/@orandon:ansible.im
2163,Oranod,https://matrix.to/#/@orandon:ansible.im
2163,samccann,https://matrix.to/#/@samccann:ansible.im
2163,cybette,https://matrix.to/#/@cybette:ansible.im
2163,Leo,https://matrix.to/#/@leo:ansible.im
1858,cybette,https://matrix.to/#/@cybette:ansible.im
1858,cybette,https://matrix.to/#/@cybette:ansible.im
1858,anwesha,https://matrix.to/#/@anwesha:ansible.im
1858,anwesha,https://matrix.to/#/@anwesha:ansible.im
1858,Gwmngilfen,https://matrix.to/#/@gwmngilfen:ansible.im
1858,samccann,https://matrix.to/#/@samccann:ansible.im
1858,cybette,https://matrix.to/#/@cybette:ansible.im
1510,cybette,https://matrix.to/#/@cybette:ansible.im
1510,cybette,https://matrix.to/#/@cybette:ansible.im
1510,cybette,https://matrix.to/#/@cybette:ansible.im
1510,samccann,https://matrix.to/#/@samccann:ansible.im
1510,cybette,https://matrix.to/#/@cybette:ansible.im
1510,gundalow,https://matrix.to/#/@gundalow:ansible.im
1510,gundalow,https://matrix.to/#/@gundalow:ansible.im
1510,gundalow,https://matrix.to/#/@gundalow:ansible.im
1510,samccann,https://matrix.to/#/@samccann:ansible.im
1510,gundalow,https://matrix.to/#/@gundalow:ansible.im
1510,cybette,https://matrix.to/#/@cybette:ansible.im
1510,cybette,https://matrix.to/#/@cybette:ansible.im
1510,cybette,https://matrix.to/#/@cybette:ansible.im
1210,cybette,https://matrix.to/#/@cybette:ansible.im
1210,Oranod,https://matrix.to/#/@orandon:ansible.im
1210,Leo,https://matrix.to/#/@leo:ansible.im
1210,cybette,https://matrix.to/#/@cybette:ansible.im
1210,anwesha,https://matrix.to/#/@anwesha:ansible.im
1210,samccann,https://matrix.to/#/@samccann:ansible.im
1210,cybette,https://matrix.to/#/@cybette:ansible.im
1210,cybette,https://matrix.to/#/@cybette:ansible.im
1148,cybette,https://matrix.to/#/@cybette:ansible.im
1148,Gwmngilfen,https://matrix.to/#/@gwmngilfen:ansible.im
1148,cybette,https://matrix.to/#/@cybette:ansible.im
1148,cybette,https://matrix.to/#/@cybette:ansible.im
1148,cybette,https://matrix.to/#/@cybette:ansible.im
1148,cybette,https://matrix.to/#/@cybette:ansible.im
844,cybette,https://matrix.to/#/@cybette:ansible.im
844,Gwmngilfen,https://matrix.to/#/@gwmngilfen:ansible.im
844,cybette,https://matrix.to/#/@cybette:ansible.im
844,cybette,https://matrix.to/#/@cybette:ansible.im
844,anwesha,https://matrix.to/#/@anwesha:ansible.im
844,thedoubl3j,https://matrix.to/#/@thedoubl3j:ansible.im
844,Gwmngilfen,https://matrix.to/#/@gwmngilfen:ansible.im
333,cybette,https://matrix.to/#/@cybette:ansible.im
333,Gwmngilfen,https://matrix.to/#/@gwmngilfen:ansible.im
333,cybette,https://matrix.to/#/@cybette:ansible.im
333,cybette,https://matrix.to/#/@cybette:ansible.im
333,samccann,https://matrix.to/#/@samccann:ansible.im
333,cybette,https://matrix.to/#/@cybette:ansible.im
333,Gwmngilfen,https://matrix.to/#/@gwmngilfen:ansible.im
247,cybette,https://matrix.to/#/@cybette:ansible.im
247,cybette,https://matrix.to/#/@cybette:ansible.im
247,cybette,https://matrix.to/#/@cybette:ansible.im
168,cybette,https://matrix.to/#/@cybette:ansible.im
168,cybette,https://matrix.to/#/@cybette:ansible.im
168,anwesha,https://matrix.to/#/@anwesha:ansible.im
168,cybette,https://matrix.to/#/@cybette:ansible.im
168,Don Naro,https://matrix.to/#/@orandon:ansible.im
168,samccann,https://matrix.to/#/@samccann:ansible.im
168,cybette,https://matrix.to/#/@cybette:ansible.im
